CREATE DATABASE STUDENT201;
USE STUDENT201;

CREATE TABLE STUDENT(
    REGNO VARCHAR(20),
    NAME CHAR(30),
    MAJOR CHAR(10),
    BDATE DATE,
    PRIMARY KEY(REGNO)
);

CREATE TABLE COURSE(
    COURSE INT,
    CNAME CHAR(20),
    DEPT CHAR(20),
    PRIMARY KEY(COURSE)
);

CREATE TABLE ENROLL(
    REGNO VARCHAR(20),
    COURSE INT,
    SEM INT,
    MARKS INT,
    PRIMARY KEY(REGNO, COURSE, SEM),
    FOREIGN KEY(REGNO) REFERENCES STUDENT(REGNO)
      ON DELETE CASCADE ON UPDATE CASCADE,
    FOREIGN KEY(COURSE) REFERENCES COURSE(COURSE)
      ON DELETE CASCADE ON UPDATE CASCADE
);

CREATE TABLE TEXT(
    BOOK_ISBN INT,
    BOOK_TITLE VARCHAR(20),
    PUBLISHER CHAR(20),
    AUTHOR CHAR(20),
    PRIMARY KEY(BOOK_ISBN)
);

CREATE TABLE BOOKADOPTION(
    COURSE INT,
    SEM INT,
    BOOK_ISBN INT,
    PRIMARY KEY(COURSE, SEM, BOOK_ISBN),
    FOREIGN KEY(COURSE) REFERENCES COURSE(COURSE)
      ON DELETE CASCADE ON UPDATE CASCADE,
    FOREIGN KEY(BOOK_ISBN) REFERENCES TEXT(BOOK_ISBN)
      ON DELETE CASCADE ON UPDATE CASCADE
);

INSERT INTO STUDENT VALUES
('NNM01','SMITH','EDUCATION','1992-01-02'),
('NNM02','BOB','EXAM','1999-03-10'),
('NNM03','ALICE','ACADEMICS','1991-05-29'),
('NNM04','JOHN','RESEARCH','1992-08-10'),
('NNM05','TOM','ACCOUNTS','1986-07-20');

INSERT INTO COURSE VALUES
(01,'DBMS','CSE'),
(02,'ESC','ISE'),
(03,'IDT','ME'),
(04,'MP','CSE'),
(05,'BEE','ECE');

INSERT INTO TEXT VALUES
(1,'MACHINE','PEARSON','ALFRED'),
(2,'THERMODYNAMIC','PENGUIN','RAJKOMAL'),
(3,'CIRCUIT THEORY','MCGRAW','RAGAVAN'),
(4,'FUNDAMENTALS','SBC','NITHIN'),
(5,'ELECTRONICS','MCGRAW','BALAGURU');

INSERT INTO BOOKADOPTION VALUES
(01,3,2),
(01,4,4),
(02,6,1),
(03,1,5),
(03,2,3);

INSERT INTO ENROLL VALUES
('NNM01',01,4,92),
('NNM02',02,4,89),
('NNM03',03,3,70),
('NNM04',04,6,67),
('NNM05',05,6,100);

SELECT * FROM STUDENT;
SELECT * FROM COURSE;
SELECT * FROM TEXT;
SELECT * FROM BOOKADOPTION;
SELECT * FROM ENROLL;

-- (i)
SELECT A.BOOK_ISBN, A.BOOK_TITLE, B.COURSE, B.CNAME
FROM TEXT A, COURSE B, BOOKADOPTION C
WHERE A.BOOK_ISBN = C.BOOK_ISBN
  AND B.COURSE = C.COURSE
  AND B.DEPT = 'CSE'
  AND B.COURSE IN (
      SELECT COURSE FROM BOOKADOPTION
      GROUP BY COURSE HAVING COUNT(*) > 2
  )
ORDER BY A.BOOK_TITLE;

-- (ii)
SELECT DISTINCT(C.DEPT) FROM COURSE C
WHERE NOT EXISTS (
    SELECT BOOK_ISBN FROM BOOKADOPTION
    WHERE COURSE IN (
        SELECT COURSE FROM COURSE WHERE DEPT = C.DEPT
    )
    AND BOOK_ISBN NOT IN (
        SELECT BOOK_ISBN FROM TEXT T
        WHERE PUBLISHER = 'MCGRAW'
    )
);

-- (iii)
SELECT T.BOOK_ISBN, T.BOOK_TITLE
FROM TEXT T, COURSE C, BOOKADOPTION B
WHERE B.COURSE = C.COURSE
  AND T.BOOK_ISBN = B.BOOK_ISBN
  AND C.DEPT IN (
      SELECT C.DEPT
      FROM COURSE C, ENROLL E
      WHERE C.COURSE = E.COURSE
      GROUP BY C.DEPT
      HAVING COUNT(DISTINCT E.REGNO) >= ALL (
          SELECT COUNT(DISTINCT E.REGNO)
          FROM COURSE C, ENROLL E
          WHERE C.COURSE = E.COURSE
          GROUP BY C.DEPT
      )
  );
